{
  "roc_auc": 0.9091851566207878,
  "report": {
    "0": {
      "precision": 0.87848870324663,
      "recall": 0.9356926188068756,
      "f1-score": 0.9061887974931453,
      "support": 4945.0
    },
    "1": {
      "precision": 0.7447833065810594,
      "recall": 0.5918367346938775,
      "f1-score": 0.6595593461265103,
      "support": 1568.0
    },
    "accuracy": 0.8529095654844158,
    "macro avg": {
      "precision": 0.8116360049138447,
      "recall": 0.7637646767503765,
      "f1-score": 0.7828740718098278,
      "support": 6513.0
    },
    "weighted avg": {
      "precision": 0.8462992265121583,
      "recall": 0.8529095654844158,
      "f1-score": 0.8468129369461035,
      "support": 6513.0
    }
  }
}